profile,seed,n,selectivity,policy_complexity,certificate_bytes,server_generation_ms,client_verification_ms,sqlite_query_ms,authorized_rows,range_rows,tree_build_ms,semantic_checked
dashboard_sales,1701,3000,0.02,1,22144,2.624995,1.261263,0.172351,1,70,123.633981,True
dashboard_sales,1701,3000,0.05,1,40456,3.847396,2.277166,0.097247,9,151,123.633981,True
dashboard_sales,1701,3000,0.1,1,58549,3.629816,1.942291,0.107875,12,304,123.633981,True
dashboard_sales,1701,3000,0.2,1,58544,4.570916,2.754769,0.131548,14,625,123.633981,True
dashboard_sales,1701,3000,0.02,3,22724,3.067602,1.90053,0.163069,4,57,123.633981,True
dashboard_sales,1701,3000,0.05,3,41093,6.628883,2.694554,0.195034,21,153,123.633981,True
dashboard_sales,1701,3000,0.1,3,64185,4.56345,2.798504,0.130129,29,302,123.633981,True
dashboard_sales,1701,3000,0.2,3,92015,6.155091,3.793672,0.190344,47,634,123.633981,True
dashboard_sales,1701,3000,0.02,5,22160,3.060459,1.482125,0.183186,9,62,123.633981,True
dashboard_sales,1701,3000,0.05,5,34134,2.902758,1.656594,0.131176,18,137,123.633981,True
dashboard_sales,1701,3000,0.1,5,34761,3.360373,1.790661,0.15693,55,313,123.633981,True
dashboard_sales,1701,3000,0.2,5,59215,4.99713,3.095616,0.160553,110,628,123.633981,True
dashboard_sales,1723,3000,0.02,1,20611,2.74863,1.582645,0.152684,1,50,126.969565,True
dashboard_sales,1723,3000,0.05,1,38393,3.917341,2.293582,0.121876,5,151,126.969565,True
dashboard_sales,1723,3000,0.1,1,65542,4.908148,2.993369,0.177306,11,298,126.969565,True
dashboard_sales,1723,3000,0.2,1,81214,6.123397,3.294371,0.144021,18,591,126.969565,True
dashboard_sales,1723,3000,0.02,3,17642,3.127368,1.013537,0.220845,3,54,126.969565,True
dashboard_sales,1723,3000,0.05,3,38920,3.241313,1.731774,0.100158,12,153,126.969565,True
dashboard_sales,1723,3000,0.1,3,58624,4.04018,2.389057,0.114995,32,282,126.969565,True
dashboard_sales,1723,3000,0.2,3,56226,4.895504,3.155291,0.1794,65,603,126.969565,True
dashboard_sales,1723,3000,0.02,5,21094,2.403775,1.090846,0.159659,8,66,126.969565,True
dashboard_sales,1723,3000,0.05,5,37112,2.92687,1.787626,0.09108,23,154,126.969565,True
dashboard_sales,1723,3000,0.1,5,65702,4.617791,2.91465,0.109127,47,305,126.969565,True
dashboard_sales,1723,3000,0.2,5,83390,5.161615,3.059818,0.182092,111,599,126.969565,True
dashboard_sales,1759,3000,0.02,1,21221,2.61278,1.367245,0.153517,2,61,129.520932,True
dashboard_sales,1759,3000,0.05,1,36567,2.815252,1.608472,0.083782,2,166,129.520932,True
dashboard_sales,1759,3000,0.1,1,64422,4.144304,2.463458,0.081889,13,311,129.520932,True
dashboard_sales,1759,3000,0.2,1,84887,6.084693,3.247855,0.158795,19,605,129.520932,True
dashboard_sales,1759,3000,0.02,3,22283,3.063711,1.810023,0.164706,5,57,129.520932,True
dashboard_sales,1759,3000,0.05,3,39697,3.585077,1.96288,0.120743,24,156,129.520932,True
dashboard_sales,1759,3000,0.1,3,66810,4.681418,3.012484,0.114267,24,310,129.520932,True
dashboard_sales,1759,3000,0.2,3,86781,5.063332,3.25215,0.144182,64,618,129.520932,True
dashboard_sales,1759,3000,0.02,5,22438,2.293997,1.276642,0.175621,11,71,129.520932,True
dashboard_sales,1759,3000,0.05,5,37093,3.458929,2.205957,0.108144,23,147,129.520932,True
dashboard_sales,1759,3000,0.1,5,39713,3.87929,2.400278,0.113469,49,328,129.520932,True
dashboard_sales,1759,3000,0.2,5,58203,4.962706,3.109028,0.137405,91,616,129.520932,True
dashboard_sales,1789,3000,0.02,1,23561,2.466908,1.322939,0.166175,4,74,175.799158,True
dashboard_sales,1789,3000,0.05,1,39200,6.499064,2.138652,0.153543,5,147,175.799158,True
dashboard_sales,1789,3000,0.1,1,60933,4.643351,2.735367,0.107494,9,277,175.799158,True
dashboard_sales,1789,3000,0.2,1,89023,5.781159,3.587404,0.124905,20,618,175.799158,True
dashboard_sales,1789,3000,0.02,3,21820,2.831136,1.71365,0.182097,4,54,175.799158,True
dashboard_sales,1789,3000,0.05,3,35106,3.153255,1.862436,0.09814,18,140,175.799158,True
dashboard_sales,1789,3000,0.1,3,63548,4.215293,2.571896,0.117278,28,299,175.799158,True
dashboard_sales,1789,3000,0.2,3,58108,4.858782,2.954259,0.192875,63,627,175.799158,True
dashboard_sales,1789,3000,0.02,5,15998,1.76087,0.767013,0.17983,11,64,175.799158,True
dashboard_sales,1789,3000,0.05,5,42323,4.16239,2.475745,0.095452,28,164,175.799158,True
dashboard_sales,1789,3000,0.1,5,65786,4.186059,2.483854,0.105942,55,312,175.799158,True
dashboard_sales,1789,3000,0.2,5,79732,4.843804,3.01936,0.153583,95,582,175.799158,True
tpch_lineitem_like,1701,3000,0.02,1,25065,2.566028,1.513788,0.148517,2,78,123.336459,True
tpch_lineitem_like,1701,3000,0.05,1,25684,2.217718,1.177145,0.059134,3,101,123.336459,True
tpch_lineitem_like,1701,3000,0.1,1,47485,4.173765,2.551158,0.083781,6,374,123.336459,True
tpch_lineitem_like,1701,3000,0.2,1,75679,5.001371,3.258422,0.091462,10,534,123.336459,True
tpch_lineitem_like,1701,3000,0.02,3,26953,3.078606,1.950577,0.185252,18,84,123.336459,True
tpch_lineitem_like,1701,3000,0.05,3,31437,3.475133,2.111593,0.11454,26,101,123.336459,True
tpch_lineitem_like,1701,3000,0.1,3,81505,5.040926,3.288684,0.193507,74,397,123.336459,True
tpch_lineitem_like,1701,3000,0.2,3,58795,4.571735,2.700887,0.202605,80,446,123.336459,True
tpch_lineitem_like,1701,3000,0.02,5,28617,2.738845,1.47919,0.239292,11,104,123.336459,True
tpch_lineitem_like,1701,3000,0.05,5,32326,3.44028,2.172012,0.15585,18,118,123.336459,True
tpch_lineitem_like,1701,3000,0.1,5,47637,3.909953,2.368035,0.135748,56,381,123.336459,True
tpch_lineitem_like,1701,3000,0.2,5,54499,4.310385,2.600732,0.131621,65,419,123.336459,True
tpch_lineitem_like,1723,3000,0.02,1,18171,2.265651,1.244641,0.149645,1,42,127.571543,True
tpch_lineitem_like,1723,3000,0.05,1,25688,2.672905,1.517317,0.081732,2,94,127.571543,True
tpch_lineitem_like,1723,3000,0.1,1,50719,4.083517,2.467532,0.078718,4,212,127.571543,True
tpch_lineitem_like,1723,3000,0.2,1,104869,5.900325,3.747766,0.113475,15,718,127.571543,True
tpch_lineitem_like,1723,3000,0.02,3,18314,2.500137,1.456401,0.148231,0,35,127.571543,True
tpch_lineitem_like,1723,3000,0.05,3,32921,3.118699,1.815837,0.077723,9,111,127.571543,True
tpch_lineitem_like,1723,3000,0.1,3,52117,4.496178,3.021694,0.091255,15,217,127.571543,True
tpch_lineitem_like,1723,3000,0.2,3,62480,5.583626,2.937,0.184301,36,643,127.571543,True
tpch_lineitem_like,1723,3000,0.02,5,15385,2.22691,0.735185,0.193239,19,48,127.571543,True
tpch_lineitem_like,1723,3000,0.05,5,32626,3.703731,2.046192,0.165256,43,110,127.571543,True
tpch_lineitem_like,1723,3000,0.1,5,46749,3.957376,2.318054,0.190957,88,206,127.571543,True
tpch_lineitem_like,1723,3000,0.2,5,82662,6.562534,4.527496,0.301132,214,571,127.571543,True
tpch_lineitem_like,1759,3000,0.02,1,19685,2.519836,1.443265,0.159273,1,48,137.28994,True
tpch_lineitem_like,1759,3000,0.05,1,26805,2.536898,1.071585,0.072328,0,112,137.28994,True
tpch_lineitem_like,1759,3000,0.1,1,48312,4.664869,2.872893,0.108666,13,376,137.28994,True
tpch_lineitem_like,1759,3000,0.2,1,54966,7.102712,2.338315,0.155074,6,427,137.28994,True
tpch_lineitem_like,1759,3000,0.02,3,21891,2.281093,1.253669,0.166761,7,69,137.28994,True
tpch_lineitem_like,1759,3000,0.05,3,28750,3.111925,1.823822,0.072479,6,98,137.28994,True
tpch_lineitem_like,1759,3000,0.1,3,81007,4.990027,3.016787,0.084792,18,396,137.28994,True
tpch_lineitem_like,1759,3000,0.2,3,82522,4.743829,2.710701,0.098778,18,423,137.28994,True
tpch_lineitem_like,1759,3000,0.02,5,27424,3.040549,1.87832,0.169631,23,80,137.28994,True
tpch_lineitem_like,1759,3000,0.05,5,32959,3.529635,2.333235,0.115197,42,118,137.28994,True
tpch_lineitem_like,1759,3000,0.1,5,51966,5.278742,3.142589,0.246221,135,395,137.28994,True
tpch_lineitem_like,1759,3000,0.2,5,54220,4.927521,2.869845,0.207063,158,417,137.28994,True
tpch_lineitem_like,1789,3000,0.02,1,20816,2.480838,1.416654,0.163055,3,59,135.754376,True
tpch_lineitem_like,1789,3000,0.05,1,28933,3.036647,1.738701,0.074916,1,98,135.754376,True
tpch_lineitem_like,1789,3000,0.1,1,75548,4.929507,2.923599,0.132104,6,364,135.754376,True
tpch_lineitem_like,1789,3000,0.2,1,52738,4.233439,2.39208,0.130312,15,413,135.754376,True
tpch_lineitem_like,1789,3000,0.02,3,20087,3.02217,1.859387,0.166377,3,42,135.754376,True
tpch_lineitem_like,1789,3000,0.05,3,31273,2.99977,1.635389,0.087729,6,106,135.754376,True
tpch_lineitem_like,1789,3000,0.1,3,49121,4.714718,3.036287,0.10218,16,379,135.754376,True
tpch_lineitem_like,1789,3000,0.2,3,76545,4.869936,2.996289,0.120725,31,734,135.754376,True
tpch_lineitem_like,1789,3000,0.02,5,22675,2.814352,1.687362,0.182073,28,64,135.754376,True
tpch_lineitem_like,1789,3000,0.05,5,31467,3.037504,1.878847,0.107083,34,113,135.754376,True
tpch_lineitem_like,1789,3000,0.1,5,82974,4.768363,3.165831,0.208162,163,409,135.754376,True
tpch_lineitem_like,1789,3000,0.2,5,85162,5.722068,3.634674,0.285331,295,781,135.754376,True
open_data_permits,1701,3000,0.02,1,31526,3.278013,2.039086,0.156507,5,101,131.27928,True
open_data_permits,1701,3000,0.05,1,16211,2.297847,1.312639,0.067134,3,30,131.27928,True
open_data_permits,1701,3000,0.1,1,78950,4.785966,3.070126,0.152024,15,409,131.27928,True
open_data_permits,1701,3000,0.2,1,73598,5.43566,3.472518,0.145071,43,732,131.27928,True
open_data_permits,1701,3000,0.02,3,24175,3.818264,2.394153,0.292992,12,90,131.27928,True
open_data_permits,1701,3000,0.05,3,17246,2.663218,1.721987,0.082469,5,26,131.27928,True
open_data_permits,1701,3000,0.1,3,55166,4.080338,2.602562,0.140016,60,445,131.27928,True
open_data_permits,1701,3000,0.2,3,59214,3.979989,2.589182,0.138682,66,663,131.27928,True
open_data_permits,1701,3000,0.02,5,29971,2.967866,2.044657,0.176153,21,102,131.27928,True
open_data_permits,1701,3000,0.05,5,11323,1.833922,1.060222,0.065522,3,10,131.27928,True
open_data_permits,1701,3000,0.1,5,59724,4.603225,3.212424,0.143196,65,459,131.27928,True
open_data_permits,1701,3000,0.2,5,83090,4.856208,3.252242,0.144677,105,607,131.27928,True
open_data_permits,1723,3000,0.02,1,13378,1.563637,0.856538,0.144834,1,21,128.15002,True
open_data_permits,1723,3000,0.05,1,36640,3.148289,2.110756,0.076384,7,146,128.15002,True
open_data_permits,1723,3000,0.1,1,40910,3.813155,2.552413,0.072518,12,154,128.15002,True
open_data_permits,1723,3000,0.2,1,82241,4.791633,3.223342,0.12838,45,815,128.15002,True
open_data_permits,1723,3000,0.02,3,11795,1.805658,1.1434,0.140904,2,15,128.15002,True
open_data_permits,1723,3000,0.05,3,34711,2.896433,1.687369,0.135842,18,133,128.15002,True
open_data_permits,1723,3000,0.1,3,31858,3.099103,1.849925,0.099304,17,125,128.15002,True
open_data_permits,1723,3000,0.2,3,77325,4.999292,3.005652,0.253203,107,778,128.15002,True
open_data_permits,1723,3000,0.02,5,10665,1.729826,0.895375,0.148748,0,8,128.15002,True
open_data_permits,1723,3000,0.05,5,34077,3.750385,1.698052,0.135702,25,137,128.15002,True
open_data_permits,1723,3000,0.1,5,26282,2.693157,1.7827,0.088574,17,85,128.15002,True
open_data_permits,1723,3000,0.2,5,65040,3.703087,2.316716,0.232193,132,722,128.15002,True
open_data_permits,1759,3000,0.02,1,6473,1.160064,0.530601,0.137593,0,1,131.053412,True
open_data_permits,1759,3000,0.05,1,25335,2.057127,1.087621,0.068167,5,82,131.053412,True
open_data_permits,1759,3000,0.1,1,78620,4.552472,3.25672,0.091058,17,387,131.053412,True
open_data_permits,1759,3000,0.2,1,75993,4.747533,3.005301,0.09204,24,370,131.053412,True
open_data_permits,1759,3000,0.02,3,16596,1.650458,0.931685,0.165909,5,51,131.053412,True
open_data_permits,1759,3000,0.05,3,23682,2.37959,1.528062,0.077503,12,76,131.053412,True
open_data_permits,1759,3000,0.1,3,51874,3.748263,2.474039,0.119427,63,428,131.053412,True
open_data_permits,1759,3000,0.2,3,63409,4.080159,2.749006,0.097198,31,292,131.053412,True
open_data_permits,1759,3000,0.02,5,25311,2.732778,1.653108,0.153267,9,81,131.053412,True
open_data_permits,1759,3000,0.05,5,16919,2.230742,1.287365,0.105512,7,46,131.053412,True
open_data_permits,1759,3000,0.1,5,56960,4.243089,2.861414,0.150462,79,451,131.053412,True
open_data_permits,1759,3000,0.2,5,52142,3.984986,2.585082,0.119966,35,227,131.053412,True
open_data_permits,1789,3000,0.02,1,12859,1.861395,1.056836,0.138079,0,12,133.987235,True
open_data_permits,1789,3000,0.05,1,25122,2.26863,1.299826,0.064073,4,88,133.987235,True
open_data_permits,1789,3000,0.1,1,61723,4.511352,2.772282,0.157919,22,481,133.987235,True
open_data_permits,1789,3000,0.2,1,39564,2.961847,1.93607,0.112631,9,175,133.987235,True
open_data_permits,1789,3000,0.02,3,8330,1.631174,0.745268,0.146158,1,7,133.987235,True
open_data_permits,1789,3000,0.05,3,26910,2.962121,1.914223,0.077005,6,73,133.987235,True
open_data_permits,1789,3000,0.1,3,64813,4.42046,2.916786,0.142856,53,498,133.987235,True
open_data_permits,1789,3000,0.2,3,50798,3.300501,2.088544,0.154454,90,840,133.987235,True
open_data_permits,1789,3000,0.02,5,12996,1.800973,1.025817,0.149617,5,25,133.987235,True
open_data_permits,1789,3000,0.05,5,21783,2.243173,1.46106,0.072309,6,63,133.987235,True
open_data_permits,1789,3000,0.1,5,66181,4.201799,2.758714,0.135677,84,509,133.987235,True
open_data_permits,1789,3000,0.2,5,72432,4.553191,2.979363,0.20037,156,940,133.987235,True
health_release,1701,3000,0.02,1,20909,2.433804,1.154517,0.158146,1,52,131.942971,True
health_release,1701,3000,0.05,1,33979,2.671012,1.609832,0.079516,4,137,131.942971,True
health_release,1701,3000,0.1,1,62811,4.178677,2.647604,0.077483,7,291,131.942971,True
health_release,1701,3000,0.2,1,93451,5.779425,3.855476,0.101755,16,653,131.942971,True
health_release,1701,3000,0.02,3,21710,2.551968,1.367174,0.224917,5,61,131.942971,True
health_release,1701,3000,0.05,3,38146,3.329593,1.934124,0.098604,18,144,131.942971,True
health_release,1701,3000,0.1,3,58620,4.135341,2.580446,0.120578,24,270,131.942971,True
health_release,1701,3000,0.2,3,56906,4.133863,2.576882,0.137841,68,638,131.942971,True
health_release,1701,3000,0.02,5,21988,2.435085,1.460274,0.165518,11,62,131.942971,True
health_release,1701,3000,0.05,5,40316,3.099341,1.844035,0.092145,31,172,131.942971,True
health_release,1701,3000,0.1,5,61318,4.821924,2.995401,0.105965,44,278,131.942971,True
health_release,1701,3000,0.2,5,86553,5.74829,3.392088,0.267283,124,637,131.942971,True
health_release,1723,3000,0.02,1,24013,2.959575,1.715786,0.16018,1,69,129.430754,True
health_release,1723,3000,0.05,1,35393,3.31439,1.827412,0.127759,7,142,129.430754,True
health_release,1723,3000,0.1,1,31969,3.165496,1.669952,0.157703,10,300,129.430754,True
health_release,1723,3000,0.2,1,88471,5.342794,3.329937,0.13246,20,635,129.430754,True
health_release,1723,3000,0.02,3,21770,2.763448,1.729654,0.162532,8,54,129.430754,True
health_release,1723,3000,0.05,3,41724,3.610465,2.231387,0.094479,22,163,129.430754,True
health_release,1723,3000,0.1,3,67991,4.738441,3.061019,0.122446,27,321,129.430754,True
health_release,1723,3000,0.2,3,52539,3.79359,2.245422,0.168333,69,636,129.430754,True
health_release,1723,3000,0.02,5,24745,2.804559,1.61471,0.191104,7,64,129.430754,True
health_release,1723,3000,0.05,5,38103,3.547822,2.117449,0.138819,24,144,129.430754,True
health_release,1723,3000,0.1,5,67894,4.477665,2.827413,0.146183,57,335,129.430754,True
health_release,1723,3000,0.2,5,53907,4.666324,2.914559,0.236317,99,613,129.430754,True
health_release,1759,3000,0.02,1,19001,1.92016,0.95888,0.171668,1,52,285.045512,True
health_release,1759,3000,0.05,1,36900,3.379554,2.110942,0.071063,3,147,285.045512,True
health_release,1759,3000,0.1,1,63329,4.136879,2.571636,0.095408,9,300,285.045512,True
health_release,1759,3000,0.2,1,49005,3.588668,1.956126,0.101704,14,597,285.045512,True
health_release,1759,3000,0.02,3,21484,2.559301,1.361347,0.229126,5,62,285.045512,True
health_release,1759,3000,0.05,3,42104,3.738081,2.127348,0.089766,8,165,285.045512,True
health_release,1759,3000,0.1,3,63417,4.673943,2.71271,0.114489,32,301,285.045512,True
health_release,1759,3000,0.2,3,82619,5.134122,3.421965,0.129548,51,596,285.045512,True
health_release,1759,3000,0.02,5,19607,2.456726,1.44843,0.169982,8,48,285.045512,True
health_release,1759,3000,0.05,5,36564,3.511706,2.2223,0.087779,24,132,285.045512,True
health_release,1759,3000,0.1,5,65998,4.38082,2.658754,0.166949,49,316,285.045512,True
health_release,1759,3000,0.2,5,52045,4.38737,2.529092,0.177882,112,607,285.045512,True
health_release,1789,3000,0.02,1,23538,2.882128,1.689372,0.162911,3,67,123.235551,True
health_release,1789,3000,0.05,1,41373,4.139941,2.33859,0.118463,2,155,123.235551,True
health_release,1789,3000,0.1,1,64391,4.818438,2.971389,0.099366,5,305,123.235551,True
health_release,1789,3000,0.2,1,81345,4.950441,3.117571,0.108266,11,590,123.235551,True
health_release,1789,3000,0.02,3,21744,2.115622,1.128979,0.17503,6,68,123.235551,True
health_release,1789,3000,0.05,3,38865,3.100852,1.942926,0.086215,16,160,123.235551,True
health_release,1789,3000,0.1,3,64585,4.751206,3.009008,0.095876,23,297,123.235551,True
health_release,1789,3000,0.2,3,46789,4.21424,2.436969,0.1929,58,577,123.235551,True
health_release,1789,3000,0.02,5,21570,2.943605,1.690941,0.169447,9,55,123.235551,True
health_release,1789,3000,0.05,5,35926,3.129316,1.701063,0.109457,25,137,123.235551,True
health_release,1789,3000,0.1,5,65309,4.736349,2.990015,0.114536,44,306,123.235551,True
health_release,1789,3000,0.2,5,75893,4.601477,2.966808,0.133833,86,575,123.235551,True
finance_audit,1701,3000,0.02,1,18891,2.046299,1.160989,0.143293,0,59,121.760901,True
finance_audit,1701,3000,0.05,1,37707,2.933945,1.78182,0.075021,4,157,121.760901,True
finance_audit,1701,3000,0.1,1,67076,4.981976,3.01808,0.09587,10,312,121.760901,True
finance_audit,1701,3000,0.2,1,86883,5.452333,3.657777,0.102942,7,618,121.760901,True
finance_audit,1701,3000,0.02,3,20364,2.540564,1.409357,0.224915,2,63,121.760901,True
finance_audit,1701,3000,0.05,3,33739,3.062216,1.823546,0.129396,17,129,121.760901,True
finance_audit,1701,3000,0.1,3,61150,3.95357,2.356459,0.154472,30,294,121.760901,True
finance_audit,1701,3000,0.2,3,55012,4.847745,3.001617,0.203579,75,619,121.760901,True
finance_audit,1701,3000,0.02,5,21154,2.386521,1.306349,0.233959,7,59,121.760901,True
finance_audit,1701,3000,0.05,5,38547,3.798219,2.353463,0.122718,14,138,121.760901,True
finance_audit,1701,3000,0.1,5,66869,4.955715,3.126335,0.173382,31,311,121.760901,True
finance_audit,1701,3000,0.2,5,82650,4.653338,2.84352,0.159802,52,611,121.760901,True
finance_audit,1723,3000,0.02,1,26210,2.49544,1.53515,0.162576,1,76,123.520322,True
finance_audit,1723,3000,0.05,1,40131,3.176925,1.958948,0.079757,5,158,123.520322,True
finance_audit,1723,3000,0.1,1,64834,4.599098,2.934922,0.083487,6,296,123.520322,True
finance_audit,1723,3000,0.2,1,77406,4.920825,3.289665,0.083803,9,563,123.520322,True
finance_audit,1723,3000,0.02,3,22674,2.40964,1.466271,0.14785,1,64,123.520322,True
finance_audit,1723,3000,0.05,3,40099,3.633148,2.213634,0.120162,8,164,123.520322,True
finance_audit,1723,3000,0.1,3,65243,4.171498,2.501268,0.117475,8,312,123.520322,True
finance_audit,1723,3000,0.2,3,77547,4.781561,2.994347,0.137267,28,572,123.520322,True
finance_audit,1723,3000,0.02,5,21176,2.22341,1.043021,0.237187,18,66,123.520322,True
finance_audit,1723,3000,0.05,5,38468,3.668447,2.282023,0.118438,28,145,123.520322,True
finance_audit,1723,3000,0.1,5,66341,4.441812,2.82292,0.15797,62,315,123.520322,True
finance_audit,1723,3000,0.2,5,47205,3.945882,2.441093,0.187043,110,579,123.520322,True
finance_audit,1759,3000,0.02,1,25027,2.51735,1.546184,0.186994,0,79,124.209667,True
finance_audit,1759,3000,0.05,1,38939,3.93526,2.26388,0.124063,7,146,124.209667,True
finance_audit,1759,3000,0.1,1,61440,3.779411,2.053906,0.117122,7,307,124.209667,True
finance_audit,1759,3000,0.2,1,75543,4.994662,3.029625,0.105474,15,559,124.209667,True
finance_audit,1759,3000,0.02,3,21820,2.641004,1.578622,0.145423,1,49,124.209667,True
finance_audit,1759,3000,0.05,3,33492,3.076128,1.846523,0.130759,13,128,124.209667,True
finance_audit,1759,3000,0.1,3,61945,4.022564,2.48645,0.118219,18,296,124.209667,True
finance_audit,1759,3000,0.2,3,75077,4.631813,2.805213,0.148017,19,568,124.209667,True
finance_audit,1759,3000,0.02,5,22836,2.973274,1.975611,0.186406,11,59,124.209667,True
finance_audit,1759,3000,0.05,5,40629,3.308547,2.049681,0.098902,31,159,124.209667,True
finance_audit,1759,3000,0.1,5,59274,4.032523,2.630882,0.105075,58,272,124.209667,True
finance_audit,1759,3000,0.2,5,79109,5.121084,3.20003,0.212,106,574,124.209667,True
finance_audit,1789,3000,0.02,1,24368,2.759564,1.609573,0.189707,1,63,121.150578,True
finance_audit,1789,3000,0.05,1,41564,3.993872,2.403353,0.091404,4,155,121.150578,True
finance_audit,1789,3000,0.1,1,33430,2.525019,1.352082,0.09359,7,283,121.150578,True
finance_audit,1789,3000,0.2,1,84365,4.91536,2.948035,0.110026,14,615,121.150578,True
finance_audit,1789,3000,0.02,3,25395,2.896684,1.992296,0.148303,2,73,121.150578,True
finance_audit,1789,3000,0.05,3,39629,3.571748,2.1157,0.062875,5,163,121.150578,True
finance_audit,1789,3000,0.1,3,58451,3.809908,2.492941,0.101255,16,269,121.150578,True
finance_audit,1789,3000,0.2,3,80332,5.369152,3.62227,0.118946,26,580,121.150578,True
finance_audit,1789,3000,0.02,5,21159,2.343255,1.378142,0.174404,15,59,121.150578,True
finance_audit,1789,3000,0.05,5,44250,3.918676,2.593848,0.102913,32,171,121.150578,True
finance_audit,1789,3000,0.1,5,63787,4.668233,3.296146,0.128705,68,286,121.150578,True
finance_audit,1789,3000,0.2,5,75885,4.759907,3.302155,0.170046,109,562,121.150578,True
