n,profile,selectivity,policy_complexity,scheme,certificate_bytes,server_generation_ms,client_verification_ms,sqlite_query_ms,query_latency_overhead_x,authorized_rows,range_rows,tree_build_ms,root,selected_evidence
2000,dashboard_sales,0.01,1,pacta,14305,2.328551,1.460397,0.01324,175.8724320241692,0,18,86.029485,2acab4ec8e305383,
2000,dashboard_sales,0.01,1,full_recompute,288490,0.0048,0.141125,0.01324,,0,18,86.029485,2acab4ec8e305383,
2000,dashboard_sales,0.01,1,full_table_hash,288568,0.023799,0.170156,0.01324,,0,18,86.029485,2acab4ec8e305383,
2000,dashboard_sales,0.01,1,tuple_merkle,298,0.187594,0.0207215,0.01324,,0,18,86.029485,2acab4ec8e305383,
2000,dashboard_sales,0.01,1,tuple_frontier,12742,1.167481,1.0768214999999999,0.01324,,0,18,86.029485,2acab4ec8e305383,
2000,dashboard_sales,0.01,1,range_tree,15352,1.250204,1.092646,0.01324,,0,18,86.029485,2acab4ec8e305383,
2000,dashboard_sales,0.01,1,provenance_only,272,0.267777,0.0011635,0.01324,,0,18,86.029485,2acab4ec8e305383,
2000,dashboard_sales,0.01,1,policy_oblivious,12673,0.990591,0.910925,0.01324,,0,18,86.029485,2acab4ec8e305383,
2000,dashboard_sales,0.01,1,adaptive_planner,12742,1.167481,1.0768214999999999,0.01324,,0,18,86.029485,2acab4ec8e305383,tuple_plus_frontier
2000,dashboard_sales,0.05,1,pacta,27329,2.633501,1.670251,0.018048,145.91650044326238,2,95,86.029485,2acab4ec8e305383,
2000,dashboard_sales,0.05,1,full_recompute,288511,0.009877,0.18204,0.018048,,2,95,86.029485,2acab4ec8e305383,
2000,dashboard_sales,0.05,1,full_table_hash,288589,0.03574,0.229319,0.018048,,2,95,86.029485,2acab4ec8e305383,
2000,dashboard_sales,0.05,1,tuple_merkle,10769,1.813512,0.35157499999999997,0.018048,,2,95,86.029485,2acab4ec8e305383,
2000,dashboard_sales,0.05,1,tuple_frontier,36216,2.896771,1.6467535,0.018048,,2,95,86.029485,2acab4ec8e305383,
2000,dashboard_sales,0.05,1,range_tree,39474,1.289712,1.4080145,0.018048,,2,95,86.029485,2acab4ec8e305383,
2000,dashboard_sales,0.05,1,provenance_only,302,0.250848,0.0007559999999999999,0.018048,,2,95,86.029485,2acab4ec8e305383,
2000,dashboard_sales,0.05,1,policy_oblivious,25697,1.255028,1.350422,0.018048,,2,95,86.029485,2acab4ec8e305383,
2000,dashboard_sales,0.05,1,adaptive_planner,27329,2.633501,1.670251,0.018048,,2,95,86.029485,2acab4ec8e305383,policy_summary_cover
2000,dashboard_sales,0.2,1,pacta,83781,5.31964,3.51911,0.035649,149.22269909394373,7,408,86.029485,2acab4ec8e305383,
2000,dashboard_sales,0.2,1,full_recompute,288547,0.011975,0.218511,0.035649,,7,408,86.029485,2acab4ec8e305383,
2000,dashboard_sales,0.2,1,full_table_hash,288625,0.027874,0.245065,0.035649,,7,408,86.029485,2acab4ec8e305383,
2000,dashboard_sales,0.2,1,tuple_merkle,36935,5.485308,0.9936145000000001,0.035649,,7,408,86.029485,2acab4ec8e305383,
2000,dashboard_sales,0.2,1,tuple_frontier,118798,7.094266,4.2357485,0.035649,,7,408,86.029485,2acab4ec8e305383,
2000,dashboard_sales,0.2,1,range_tree,141052,2.124711,3.366206,0.035649,,7,408,86.029485,2acab4ec8e305383,
2000,dashboard_sales,0.2,1,provenance_only,359,0.28896,0.000741,0.035649,,7,408,86.029485,2acab4ec8e305383,
2000,dashboard_sales,0.2,1,policy_oblivious,82149,1.920363,2.502009,0.035649,,7,408,86.029485,2acab4ec8e305383,
2000,dashboard_sales,0.2,1,adaptive_planner,83781,5.31964,3.51911,0.035649,,7,408,86.029485,2acab4ec8e305383,policy_summary_cover
2000,dashboard_sales,0.01,3,pacta,13688,1.880746,1.043876,0.024063,78.15924863898931,4,23,86.029485,2acab4ec8e305383,
2000,dashboard_sales,0.01,3,full_recompute,288528,0.00939,0.150246,0.024063,,4,23,86.029485,2acab4ec8e305383,
2000,dashboard_sales,0.01,3,full_table_hash,288606,0.028537,0.177484,0.024063,,4,23,86.029485,2acab4ec8e305383,
2000,dashboard_sales,0.01,3,tuple_merkle,19954,3.082938,0.554314,0.024063,,4,23,86.029485,2acab4ec8e305383,
2000,dashboard_sales,0.01,3,tuple_frontier,31743,4.0027,1.689942,0.024063,,4,23,86.029485,2acab4ec8e305383,
2000,dashboard_sales,0.01,3,range_tree,15459,1.163073,0.7452505,0.024063,,4,23,86.029485,2acab4ec8e305383,
2000,dashboard_sales,0.01,3,provenance_only,326,0.195935,0.0007235,0.024063,,4,23,86.029485,2acab4ec8e305383,
2000,dashboard_sales,0.01,3,policy_oblivious,12052,0.973248,0.498509,0.024063,,4,23,86.029485,2acab4ec8e305383,
2000,dashboard_sales,0.01,3,adaptive_planner,13688,1.880746,1.043876,0.024063,,4,23,86.029485,2acab4ec8e305383,policy_summary_cover
2000,dashboard_sales,0.05,3,pacta,29665,2.663111,1.478781,0.030645,86.90197422091696,10,103,86.029485,2acab4ec8e305383,
2000,dashboard_sales,0.05,3,full_recompute,288551,0.011259,0.182084,0.030645,,10,103,86.029485,2acab4ec8e305383,
2000,dashboard_sales,0.05,3,full_table_hash,288629,0.030409,0.217498,0.030645,,10,103,86.029485,2acab4ec8e305383,
2000,dashboard_sales,0.05,3,tuple_merkle,52616,7.569926,1.4618595,0.030645,,10,103,86.029485,2acab4ec8e305383,
2000,dashboard_sales,0.05,3,tuple_frontier,80359,8.778003,2.546053,0.030645,,10,103,86.029485,2acab4ec8e305383,
2000,dashboard_sales,0.05,3,range_tree,42983,1.540722,1.225174,0.030645,,10,103,86.029485,2acab4ec8e305383,
2000,dashboard_sales,0.05,3,provenance_only,373,0.237916,0.0007725,0.030645,,10,103,86.029485,2acab4ec8e305383,
2000,dashboard_sales,0.05,3,policy_oblivious,28029,1.357777,0.8412310000000001,0.030645,,10,103,86.029485,2acab4ec8e305383,
2000,dashboard_sales,0.05,3,adaptive_planner,29665,2.663111,1.478781,0.030645,,10,103,86.029485,2acab4ec8e305383,policy_summary_cover
2000,dashboard_sales,0.2,3,pacta,52118,3.517293,2.144474,0.059871,58.747857894473114,45,420,86.029485,2acab4ec8e305383,
2000,dashboard_sales,0.2,3,full_recompute,288569,0.012295,0.232171,0.059871,,45,420,86.029485,2acab4ec8e305383,
2000,dashboard_sales,0.2,3,full_table_hash,288647,0.031283,0.283545,0.059871,,45,420,86.029485,2acab4ec8e305383,
2000,dashboard_sales,0.2,3,tuple_merkle,235521,32.564313,5.80875,0.059871,,45,420,86.029485,2acab4ec8e305383,
2000,dashboard_sales,0.2,3,tuple_frontier,285699,34.075139,7.591421,0.059871,,45,420,86.029485,2acab4ec8e305383,
2000,dashboard_sales,0.2,3,range_tree,111143,1.79948,1.9102575,0.059871,,45,420,86.029485,2acab4ec8e305383,
2000,dashboard_sales,0.2,3,provenance_only,547,0.282121,0.0007635000000000001,0.059871,,45,420,86.029485,2acab4ec8e305383,
2000,dashboard_sales,0.2,3,policy_oblivious,50482,1.64376,1.1923085,0.059871,,45,420,86.029485,2acab4ec8e305383,
2000,dashboard_sales,0.2,3,adaptive_planner,52118,3.517293,2.144474,0.059871,,45,420,86.029485,2acab4ec8e305383,policy_summary_cover
2000,dashboard_sales,0.01,5,pacta,15524,2.601681,1.597318,0.024246,107.3035139816877,5,21,86.029485,2acab4ec8e305383,
2000,dashboard_sales,0.01,5,full_recompute,288530,0.015259,0.181233,0.024246,,5,21,86.029485,2acab4ec8e305383,
2000,dashboard_sales,0.01,5,full_table_hash,288608,0.031023,0.233492,0.024246,,5,21,86.029485,2acab4ec8e305383,
2000,dashboard_sales,0.01,5,tuple_merkle,26136,3.982493,0.730415,0.024246,,5,21,86.029485,2acab4ec8e305383,
2000,dashboard_sales,0.01,5,tuple_frontier,39759,4.912962,1.961988,0.024246,,5,21,86.029485,2acab4ec8e305383,
2000,dashboard_sales,0.01,5,range_tree,16991,1.276134,1.2899445,0.024246,,5,21,86.029485,2acab4ec8e305383,
2000,dashboard_sales,0.01,5,provenance_only,332,0.24841,0.001251,0.024246,,5,21,86.029485,2acab4ec8e305383,
2000,dashboard_sales,0.01,5,policy_oblivious,13884,1.11228,1.0040749999999998,0.024246,,5,21,86.029485,2acab4ec8e305383,
2000,dashboard_sales,0.01,5,adaptive_planner,15524,2.601681,1.597318,0.024246,,5,21,86.029485,2acab4ec8e305383,policy_summary_cover
2000,dashboard_sales,0.05,5,pacta,32293,2.937097,1.740383,0.037195,78.96483398306225,23,125,86.029485,2acab4ec8e305383,
2000,dashboard_sales,0.05,5,full_recompute,288568,0.011993,0.187671,0.037195,,23,125,86.029485,2acab4ec8e305383,
2000,dashboard_sales,0.05,5,full_table_hash,288646,0.048861,0.235122,0.037195,,23,125,86.029485,2acab4ec8e305383,
2000,dashboard_sales,0.05,5,tuple_merkle,120560,18.120186,3.0339475,0.037195,,23,125,86.029485,2acab4ec8e305383,
2000,dashboard_sales,0.05,5,tuple_frontier,150914,17.938088,4.459739000000001,0.037195,,23,125,86.029485,2acab4ec8e305383,
2000,dashboard_sales,0.05,5,range_tree,48773,1.529665,1.5231655,0.037195,,23,125,86.029485,2acab4ec8e305383,
2000,dashboard_sales,0.05,5,provenance_only,454,0.26807,0.001119,0.037195,,23,125,86.029485,2acab4ec8e305383,
2000,dashboard_sales,0.05,5,policy_oblivious,30653,1.376897,1.0458265,0.037195,,23,125,86.029485,2acab4ec8e305383,
2000,dashboard_sales,0.05,5,adaptive_planner,32293,2.937097,1.740383,0.037195,,23,125,86.029485,2acab4ec8e305383,policy_summary_cover
2000,dashboard_sales,0.2,5,pacta,56152,4.512206,3.071778,0.068306,66.05870640939303,72,426,86.029485,2acab4ec8e305383,
2000,dashboard_sales,0.2,5,full_recompute,288579,0.010605,0.236563,0.068306,,72,426,86.029485,2acab4ec8e305383,
2000,dashboard_sales,0.2,5,full_table_hash,288657,0.037855,0.281576,0.068306,,72,426,86.029485,2acab4ec8e305383,
2000,dashboard_sales,0.2,5,tuple_merkle,376625,51.505707,9.222578500000001,0.068306,,72,426,86.029485,2acab4ec8e305383,
2000,dashboard_sales,0.2,5,tuple_frontier,430827,53.701426,11.848704000000001,0.068306,,72,426,86.029485,2acab4ec8e305383,
2000,dashboard_sales,0.2,5,range_tree,116031,2.049638,3.0017695,0.068306,,72,426,86.029485,2acab4ec8e305383,
2000,dashboard_sales,0.2,5,provenance_only,690,0.29824,0.0008064999999999999,0.068306,,72,426,86.029485,2acab4ec8e305383,
2000,dashboard_sales,0.2,5,policy_oblivious,54512,1.728883,2.043251,0.068306,,72,426,86.029485,2acab4ec8e305383,
2000,dashboard_sales,0.2,5,adaptive_planner,56152,4.512206,3.071778,0.068306,,72,426,86.029485,2acab4ec8e305383,policy_summary_cover
5000,dashboard_sales,0.01,1,pacta,21404,3.235173,1.666202,0.019671,164.46408418484063,3,50,216.645521,d35fbf38a5bd78f8,
5000,dashboard_sales,0.01,1,full_recompute,722444,0.010004,0.431831,0.019671,,3,50,216.645521,d35fbf38a5bd78f8,
5000,dashboard_sales,0.01,1,full_table_hash,722522,0.029266,0.661373,0.019671,,3,50,216.645521,d35fbf38a5bd78f8,
5000,dashboard_sales,0.01,1,tuple_merkle,20018,4.945592,0.590468,0.019671,,3,50,216.645521,d35fbf38a5bd78f8,
5000,dashboard_sales,0.01,1,tuple_frontier,39538,6.383756,1.8528760000000002,0.019671,,3,50,216.645521,d35fbf38a5bd78f8,
5000,dashboard_sales,0.01,1,range_tree,27078,2.346387,1.3765405,0.019671,,3,50,216.645521,d35fbf38a5bd78f8,
5000,dashboard_sales,0.01,1,provenance_only,307,0.556342,0.0007880000000000001,0.019671,,3,50,216.645521,d35fbf38a5bd78f8,
5000,dashboard_sales,0.01,1,policy_oblivious,19772,1.7685,1.051148,0.019671,,3,50,216.645521,d35fbf38a5bd78f8,
5000,dashboard_sales,0.01,1,adaptive_planner,21404,3.235173,1.666202,0.019671,,3,50,216.645521,d35fbf38a5bd78f8,policy_summary_cover
5000,dashboard_sales,0.05,1,pacta,32040,4.032588,2.055177,0.031643,127.4401289384698,3,278,216.645521,d35fbf38a5bd78f8,
5000,dashboard_sales,0.05,1,full_recompute,722453,0.012532,0.47008,0.031643,,3,278,216.645521,d35fbf38a5bd78f8,
5000,dashboard_sales,0.05,1,full_table_hash,722531,0.029357,0.55754,0.031643,,3,278,216.645521,d35fbf38a5bd78f8,
5000,dashboard_sales,0.05,1,tuple_merkle,20029,5.038771,0.5546535,0.031643,,3,278,216.645521,d35fbf38a5bd78f8,
5000,dashboard_sales,0.05,1,tuple_frontier,50176,6.655304,2.304607,0.031643,,3,278,216.645521,d35fbf38a5bd78f8,
5000,dashboard_sales,0.05,1,range_tree,70691,2.739707,1.9025465000000001,0.031643,,3,278,216.645521,d35fbf38a5bd78f8,
5000,dashboard_sales,0.05,1,provenance_only,318,0.606758,0.0007015,0.031643,,3,278,216.645521,d35fbf38a5bd78f8,
5000,dashboard_sales,0.05,1,policy_oblivious,30408,2.168914,1.346002,0.031643,,3,278,216.645521,d35fbf38a5bd78f8,
5000,dashboard_sales,0.05,1,adaptive_planner,32040,4.032588,2.055177,0.031643,,3,278,216.645521,d35fbf38a5bd78f8,policy_summary_cover
5000,dashboard_sales,0.2,1,pacta,94595,6.48483,3.813393,0.091302,71.02615495827035,35,1011,216.645521,d35fbf38a5bd78f8,
5000,dashboard_sales,0.2,1,full_recompute,722493,0.014337,0.612131,0.091302,,35,1011,216.645521,d35fbf38a5bd78f8,
5000,dashboard_sales,0.2,1,full_table_hash,722571,0.031867,0.65332,0.091302,,35,1011,216.645521,d35fbf38a5bd78f8,
5000,dashboard_sales,0.2,1,tuple_merkle,230220,47.20354,5.564165,0.091302,,35,1011,216.645521,d35fbf38a5bd78f8,
5000,dashboard_sales,0.2,1,tuple_frontier,322882,50.425381,9.1413025,0.091302,,35,1011,216.645521,d35fbf38a5bd78f8,
5000,dashboard_sales,0.2,1,range_tree,239288,3.542004,3.96409,0.091302,,35,1011,216.645521,d35fbf38a5bd78f8,
5000,dashboard_sales,0.2,1,provenance_only,511,0.66792,0.000719,0.091302,,35,1011,216.645521,d35fbf38a5bd78f8,
5000,dashboard_sales,0.2,1,policy_oblivious,92963,2.970371,2.5191155,0.091302,,35,1011,216.645521,d35fbf38a5bd78f8,
5000,dashboard_sales,0.2,1,adaptive_planner,94595,6.48483,3.813393,0.091302,,35,1011,216.645521,d35fbf38a5bd78f8,policy_summary_cover
5000,dashboard_sales,0.01,3,pacta,22394,3.413114,1.748915,0.027462,124.28497560265095,5,53,216.645521,d35fbf38a5bd78f8,
5000,dashboard_sales,0.01,3,full_recompute,722459,0.010418,0.44278,0.027462,,5,53,216.645521,d35fbf38a5bd78f8,
5000,dashboard_sales,0.01,3,full_table_hash,722537,0.028204,0.538182,0.027462,,5,53,216.645521,d35fbf38a5bd78f8,
5000,dashboard_sales,0.01,3,tuple_merkle,33168,7.610178,0.8839215,0.027462,,5,53,216.645521,d35fbf38a5bd78f8,
5000,dashboard_sales,0.01,3,tuple_frontier,53663,9.028897,2.304541,0.027462,,5,53,216.645521,d35fbf38a5bd78f8,
5000,dashboard_sales,0.01,3,range_tree,28497,2.305675,1.45397,0.027462,,5,53,216.645521,d35fbf38a5bd78f8,
5000,dashboard_sales,0.01,3,provenance_only,334,0.587322,0.0008405,0.027462,,5,53,216.645521,d35fbf38a5bd78f8,
5000,dashboard_sales,0.01,3,policy_oblivious,20758,1.763492,1.1101915,0.027462,,5,53,216.645521,d35fbf38a5bd78f8,
5000,dashboard_sales,0.01,3,adaptive_planner,22394,3.413114,1.748915,0.027462,,5,53,216.645521,d35fbf38a5bd78f8,policy_summary_cover
5000,dashboard_sales,0.05,3,pacta,58528,4.83796,2.704279,0.050022,96.71664467634241,29,258,216.645521,d35fbf38a5bd78f8,
5000,dashboard_sales,0.05,3,full_recompute,722496,0.011301,0.463463,0.050022,,29,258,216.645521,d35fbf38a5bd78f8,
5000,dashboard_sales,0.05,3,full_table_hash,722574,0.034407,0.61906,0.050022,,29,258,216.645521,d35fbf38a5bd78f8,
5000,dashboard_sales,0.05,3,tuple_merkle,190806,38.930755,4.4839614999999995,0.050022,,29,258,216.645521,d35fbf38a5bd78f8,
5000,dashboard_sales,0.05,3,tuple_frontier,247398,40.09877,7.001981499999999,0.050022,,29,258,216.645521,d35fbf38a5bd78f8,
5000,dashboard_sales,0.05,3,range_tree,94272,2.81812,2.5474995,0.050022,,29,258,216.645521,d35fbf38a5bd78f8,
5000,dashboard_sales,0.05,3,provenance_only,482,0.611607,0.000793,0.050022,,29,258,216.645521,d35fbf38a5bd78f8,
5000,dashboard_sales,0.05,3,policy_oblivious,56892,2.25906,1.7244670000000002,0.050022,,29,258,216.645521,d35fbf38a5bd78f8,
5000,dashboard_sales,0.05,3,adaptive_planner,58528,4.83796,2.704279,0.050022,,29,258,216.645521,d35fbf38a5bd78f8,policy_summary_cover
5000,dashboard_sales,0.2,3,pacta,91733,6.288114,3.54795,0.148493,42.34619813728593,105,1002,216.645521,d35fbf38a5bd78f8,
5000,dashboard_sales,0.2,3,full_recompute,722508,0.013968,0.63463,0.148493,,105,1002,216.645521,d35fbf38a5bd78f8,
5000,dashboard_sales,0.2,3,full_table_hash,722586,0.03287,0.758905,0.148493,,105,1002,216.645521,d35fbf38a5bd78f8,
5000,dashboard_sales,0.2,3,tuple_merkle,689967,140.090394,16.3236725,0.148493,,105,1002,216.645521,d35fbf38a5bd78f8,
5000,dashboard_sales,0.2,3,tuple_frontier,779752,142.241117,19.5548735,0.148493,,105,1002,216.645521,d35fbf38a5bd78f8,
5000,dashboard_sales,0.2,3,range_tree,235066,3.557942,3.670783,0.148493,,105,1002,216.645521,d35fbf38a5bd78f8,
5000,dashboard_sales,0.2,3,provenance_only,854,0.727245,0.000793,0.148493,,105,1002,216.645521,d35fbf38a5bd78f8,
5000,dashboard_sales,0.2,3,policy_oblivious,90097,3.025474,2.2744395,0.148493,,105,1002,216.645521,d35fbf38a5bd78f8,
5000,dashboard_sales,0.2,3,adaptive_planner,91733,6.288114,3.54795,0.148493,,105,1002,216.645521,d35fbf38a5bd78f8,policy_summary_cover
5000,dashboard_sales,0.01,5,pacta,24692,3.764686,1.902896,0.032054,117.44824358894367,12,54,216.645521,d35fbf38a5bd78f8,
5000,dashboard_sales,0.01,5,full_recompute,722487,0.011046,0.443401,0.032054,,12,54,216.645521,d35fbf38a5bd78f8,
5000,dashboard_sales,0.01,5,full_table_hash,722565,0.030491,0.530826,0.032054,,12,54,216.645521,d35fbf38a5bd78f8,
5000,dashboard_sales,0.01,5,tuple_merkle,79127,16.957971,1.982358,0.032054,,12,54,216.645521,d35fbf38a5bd78f8,
5000,dashboard_sales,0.01,5,tuple_frontier,101892,18.428712,3.6041135,0.032054,,12,54,216.645521,d35fbf38a5bd78f8,
5000,dashboard_sales,0.01,5,range_tree,30932,2.566864,1.666334,0.032054,,12,54,216.645521,d35fbf38a5bd78f8,
5000,dashboard_sales,0.01,5,provenance_only,397,0.57134,0.0007650000000000001,0.032054,,12,54,216.645521,d35fbf38a5bd78f8,
5000,dashboard_sales,0.01,5,policy_oblivious,23052,1.938607,1.23446,0.032054,,12,54,216.645521,d35fbf38a5bd78f8,
5000,dashboard_sales,0.01,5,adaptive_planner,24692,3.764686,1.902896,0.032054,,12,54,216.645521,d35fbf38a5bd78f8,policy_summary_cover
5000,dashboard_sales,0.05,5,pacta,57394,4.759557,2.626114,0.057257,83.12620290968789,38,254,216.645521,d35fbf38a5bd78f8,
5000,dashboard_sales,0.05,5,full_recompute,722501,0.012323,0.495061,0.057257,,38,254,216.645521,d35fbf38a5bd78f8,
5000,dashboard_sales,0.05,5,full_table_hash,722579,0.036075,0.628201,0.057257,,38,254,216.645521,d35fbf38a5bd78f8,
5000,dashboard_sales,0.05,5,tuple_merkle,249816,51.494117,6.1453665,0.057257,,38,254,216.645521,d35fbf38a5bd78f8,
5000,dashboard_sales,0.05,5,tuple_frontier,305269,54.052527,8.304068000000001,0.057257,,38,254,216.645521,d35fbf38a5bd78f8,
5000,dashboard_sales,0.05,5,range_tree,92583,2.90538,2.4550865,0.057257,,38,254,216.645521,d35fbf38a5bd78f8,
5000,dashboard_sales,0.05,5,provenance_only,534,0.659636,0.0007785,0.057257,,38,254,216.645521,d35fbf38a5bd78f8,
5000,dashboard_sales,0.05,5,policy_oblivious,55754,2.369038,1.626439,0.057257,,38,254,216.645521,d35fbf38a5bd78f8,
5000,dashboard_sales,0.05,5,adaptive_planner,57394,4.759557,2.626114,0.057257,,38,254,216.645521,d35fbf38a5bd78f8,policy_summary_cover
5000,dashboard_sales,0.2,5,pacta,86015,6.032103,3.359204,0.128924,46.7880534268251,156,985,216.645521,d35fbf38a5bd78f8,
5000,dashboard_sales,0.2,5,full_recompute,722512,0.015448,0.58868,0.128924,,156,985,216.645521,d35fbf38a5bd78f8,
5000,dashboard_sales,0.2,5,full_table_hash,722590,0.037454,0.68026,0.128924,,156,985,216.645521,d35fbf38a5bd78f8,
5000,dashboard_sales,0.2,5,tuple_merkle,1024428,208.741214,25.4674335,0.128924,,156,985,216.645521,d35fbf38a5bd78f8,
5000,dashboard_sales,0.2,5,tuple_frontier,1108491,213.588535,28.499041499999997,0.128924,,156,985,216.645521,d35fbf38a5bd78f8,
5000,dashboard_sales,0.2,5,range_tree,226896,3.466536,3.5042910000000003,0.128924,,156,985,216.645521,d35fbf38a5bd78f8,
5000,dashboard_sales,0.2,5,provenance_only,1120,0.800059,0.0008675,0.128924,,156,985,216.645521,d35fbf38a5bd78f8,
5000,dashboard_sales,0.2,5,policy_oblivious,84375,3.080608,2.0542534999999997,0.128924,,156,985,216.645521,d35fbf38a5bd78f8,
5000,dashboard_sales,0.2,5,adaptive_planner,86015,6.032103,3.359204,0.128924,,156,985,216.645521,d35fbf38a5bd78f8,policy_summary_cover
