profile,n,selectivity,policy_complexity,certificate_bytes,server_generation_ms,client_verification_ms,sqlite_query_ms,authorized_rows,range_rows,tree_build_ms,tuple_frontier_estimated_bytes,root,source_kind
dashboard_sales,4000,0.01,1,19084,2.286992,1.300255,0.148415,1,44,162.489233,6744,6afc770d046e7b82,
dashboard_sales,4000,0.05,1,50116,3.408732,2.052963,0.079947,5,217,162.489233,31095,6afc770d046e7b82,
dashboard_sales,4000,0.2,1,90006,5.368287,3.382189,0.135118,33,814,162.489233,201801,6afc770d046e7b82,
dashboard_sales,4000,0.01,3,21091,2.919106,1.822564,0.13566,1,43,162.489233,6741,6afc770d046e7b82,
dashboard_sales,4000,0.05,3,40683,2.698715,1.447999,0.082529,12,192,162.489233,73658,6afc770d046e7b82,
dashboard_sales,4000,0.2,3,95134,5.80511,3.7945585,0.153711,70,835,162.489233,427202,6afc770d046e7b82,
dashboard_sales,4000,0.01,5,17775,2.193238,1.1193490000000001,0.150637,4,39,162.489233,25009,6afc770d046e7b82,
dashboard_sales,4000,0.05,5,48700,3.578568,2.1533499999999997,0.086892,27,219,162.489233,165196,6afc770d046e7b82,
dashboard_sales,4000,0.2,5,94386,5.549052,3.637444,0.182415,149,833,162.489233,909287,6afc770d046e7b82,
tpch_lineitem_like,4000,0.01,1,13582,2.115032,1.134122,0.151367,1,25,176.822217,6750,6d100cddd151e9fa,
tpch_lineitem_like,4000,0.05,1,56457,3.734528,2.160881,0.087895,6,264,176.822217,37212,6d100cddd151e9fa,
tpch_lineitem_like,4000,0.2,1,72945,4.576838,2.9137965,0.110764,15,524,176.822217,92103,6d100cddd151e9fa,
tpch_lineitem_like,4000,0.01,3,18198,2.505212,1.4697735,0.137771,3,33,176.822217,18941,6d100cddd151e9fa,
tpch_lineitem_like,4000,0.05,3,52378,3.445372,2.168345,0.089623,24,251,176.822217,147006,6d100cddd151e9fa,
tpch_lineitem_like,4000,0.2,3,73316,4.303193,2.568441,0.114273,35,532,176.822217,214216,6d100cddd151e9fa,
tpch_lineitem_like,4000,0.01,5,17328,2.654171,1.4765815,0.182062,4,30,176.822217,25032,6d100cddd151e9fa,
tpch_lineitem_like,4000,0.05,5,63690,5.149311,3.015395,0.075066,15,281,176.822217,92092,6d100cddd151e9fa,
tpch_lineitem_like,4000,0.2,5,72263,4.376521,2.8871425,0.10135,40,523,176.822217,244725,6d100cddd151e9fa,
open_data_permits,4000,0.01,1,13951,1.989191,1.180046,0.217731,3,26,177.749595,18921,ca0883c5d21b9ed9,
open_data_permits,4000,0.05,1,69822,4.547387,3.245725,0.095876,13,326,177.749595,79796,ca0883c5d21b9ed9,
open_data_permits,4000,0.2,1,84975,5.031905,3.414515,0.127212,31,610,177.749595,189583,ca0883c5d21b9ed9,
open_data_permits,4000,0.01,3,13257,1.617666,0.985169,0.163342,1,24,177.749595,6748,ca0883c5d21b9ed9,
open_data_permits,4000,0.05,3,71543,5.171808,3.768375,0.110256,35,331,177.749595,214073,ca0883c5d21b9ed9,
open_data_permits,4000,0.2,3,58873,3.631624,2.526661,0.127311,56,474,177.749595,339274,ca0883c5d21b9ed9,
open_data_permits,4000,0.01,5,14374,1.687185,1.017017,0.166102,3,21,177.749595,18932,ca0883c5d21b9ed9,
open_data_permits,4000,0.05,5,26956,2.856268,1.813171,0.122782,46,271,177.749595,281165,ca0883c5d21b9ed9,
open_data_permits,4000,0.2,5,74738,4.960762,3.4951280000000002,0.133491,70,358,177.749595,405164,ca0883c5d21b9ed9,
health_release,4000,0.01,1,22261,2.559786,1.519922,0.176075,2,61,181.469447,12830,2df06c9828d413ff,
health_release,4000,0.05,1,47220,3.686418,2.365843,0.083927,4,208,181.469447,25005,2df06c9828d413ff,
health_release,4000,0.2,1,78832,5.610217,3.493196,0.141654,24,755,181.469447,146878,2df06c9828d413ff,
health_release,4000,0.01,3,18954,2.712716,1.669093,0.158767,4,36,181.469447,25006,2df06c9828d413ff,
health_release,4000,0.05,3,49022,4.244542,2.9830579999999998,0.097572,21,206,181.469447,128578,2df06c9828d413ff,
health_release,4000,0.2,3,72274,4.558746,2.797987,0.170922,67,743,181.469447,409111,2df06c9828d413ff,
health_release,4000,0.01,5,18805,2.136874,1.1882245,0.143243,5,36,181.469447,31092,2df06c9828d413ff,
health_release,4000,0.05,5,47072,3.577366,2.3704530000000004,0.085922,23,194,181.469447,140767,2df06c9828d413ff,
health_release,4000,0.2,5,74781,5.105713,3.5081615,0.164032,116,738,181.469447,707899,2df06c9828d413ff,
finance_audit,4000,0.01,1,14100,1.684384,0.8394550000000001,0.191894,1,34,176.869356,6740,4693b21269285a36,
finance_audit,4000,0.05,1,42786,3.825107,2.8106495000000002,0.070398,7,171,176.869356,43253,4693b21269285a36,
finance_audit,4000,0.2,1,76290,4.881436,3.5147405000000003,0.109739,20,752,176.869356,122487,4693b21269285a36,
finance_audit,4000,0.01,3,20177,2.164293,1.2416965,0.158922,1,41,176.869356,6743,4693b21269285a36,
finance_audit,4000,0.05,3,54720,3.887915,2.425489,0.079734,12,240,176.869356,73690,4693b21269285a36,
finance_audit,4000,0.2,3,81056,5.045987,3.567959,0.114373,37,776,176.869356,226153,4693b21269285a36,
finance_audit,4000,0.01,5,20210,2.65009,1.8334385000000002,0.174467,18,40,176.869356,110237,4693b21269285a36,
finance_audit,4000,0.05,5,44065,3.256303,2.001071,0.13083,78,183,176.869356,475805,4693b21269285a36,
finance_audit,4000,0.2,5,85267,6.04621,3.9048125000000002,0.343894,327,796,176.869356,1993113,4693b21269285a36,
public_gapminder,1704,0.01,1,34879,2.082145,1.829107,0.043635,4,142,67.391747,21494,4c877d23a9315716,public_csv
public_gapminder,1704,0.05,1,36934,2.272473,1.833768,0.020857,4,142,67.391747,21491,4c877d23a9315716,public_csv
public_gapminder,1704,0.2,1,86191,4.408541,3.471841,0.04007,12,426,67.391747,63170,4c877d23a9315716,public_csv
public_gapminder,1704,0.01,3,7093,0.540919,0.443958,0.009329,0,0,67.391747,512,4c877d23a9315716,public_csv
public_gapminder,1704,0.05,3,36595,2.325521,1.794413,0.029377,13,142,67.391747,67788,4c877d23a9315716,public_csv
public_gapminder,1704,0.2,3,60395,2.910235,2.348915,0.040126,26,284,67.391747,136238,4c877d23a9315716,public_csv
public_gapminder,1704,0.01,5,7097,0.537106,0.440099,0.009284,0,0,67.391747,512,4c877d23a9315716,public_csv
public_gapminder,1704,0.05,5,34889,2.072005,1.736062,0.035601,33,142,67.391747,172607,4c877d23a9315716,public_csv
public_gapminder,1704,0.2,5,60297,3.042026,2.343342,0.067665,66,284,67.391747,344647,4c877d23a9315716,public_csv
public_apple_stock,240,0.01,1,6797,0.57039,0.626922,0.009647,0,3,9.101401,512,bd0acaabd1d3e705,public_csv
public_apple_stock,240,0.05,1,11969,1.218842,1.112115,0.009118,0,13,9.101401,512,bd0acaabd1d3e705,public_csv
public_apple_stock,240,0.2,1,17350,1.555557,1.604718,0.021308,16,49,9.101401,64374,bd0acaabd1d3e705,public_csv
public_apple_stock,240,0.01,3,6852,0.563877,0.572361,0.020127,3,3,9.101401,12563,bd0acaabd1d3e705,public_csv
public_apple_stock,240,0.05,3,12012,1.215652,1.142308,0.020038,13,13,9.101401,52401,bd0acaabd1d3e705,public_csv
public_apple_stock,240,0.2,3,17106,1.518451,1.421771,0.032098,31,49,9.101401,123029,bd0acaabd1d3e705,public_csv
public_apple_stock,240,0.01,5,6865,0.637159,0.608382,0.020907,3,3,9.101401,12590,bd0acaabd1d3e705,public_csv
public_apple_stock,240,0.05,5,11879,1.257685,1.194364,0.02067,13,13,9.101401,51894,bd0acaabd1d3e705,public_csv
public_apple_stock,240,0.2,5,12356,0.772722,0.694236,0.036839,49,49,9.101401,194168,bd0acaabd1d3e705,public_csv
